L2ZJ,L2ZJ
2YHR,2YHR
ZR3Z,ZR3Z
XUL7,XUL7
UH96,UH96
A7MJ,A7MJ
FFAP,FFAP
7GZ2,7GZ2
V6AH,V6AH
XV9G,XV9G
MJ9K,MJ9K
9H7L,9H7L
F4YJ,F4YJ
7XJF,7XJF
YZA7,YZA7
69TK,69TK
V63J,V63J
PPLA,PPLA
4X9V,4X9V
4HK3,4HK3
ZRKH,ZRKH
ZTH2,ZTH2
JZFG,JZFG
J749,J749
G76F,G76F
R7PP,R7PP
GKX7,GKX7
HZEX,HZEX
UP4J,UP4J
UL94,UL94
E237,E237
MUGT,MUGT
EFHY,EFHY
22RG,22RG
6TKH,6TKH
9T4X,9T4X
GKHV,GKHV
HJ6G,HJ6G
7YKE,7YKE
UMVF,UMVF
K33R,K33R
ATL9,ATL9
6MMA,6MMA
VHAU,VHAU
R93L,R93L
9X9V,9X9V
3VYT,3VYT
FZX7,FZX7
PEGL,PEGL
G2JU,G2JU
JRGZ,JRGZ
LTAP,LTAP
297V,297V
26XL,26XL
FVGH,FVGH
PTEK,PTEK
PLKJ,PLKJ
H9FG,H9FG
RX9P,RX9P
MHEL,MHEL
G7P4,G7P4
ZE4A,ZE4A
XY6L,XY6L
JKRH,JKRH
G7J4,G7J4
LE3Z,LE3Z
PGRK,PGRK
9GZP,9GZP
EYYH,EYYH
47AZ,47AZ
ZLZX,ZLZX
6FUP,6FUP
9EKT,9EKT
TPZY,TPZY
4YJY,4YJY
MYK4,MYK4
X6PH,X6PH
J46U,J46U
PHUZ,PHUZ
U727,U727
JER3,JER3
6ATF,6ATF
P7FA,P7FA
TFVL,TFVL
ZKFU,ZKFU
KP6Y,KP6Y
AJ7L,AJ7L
ZJVG,ZJVG
EGRK,EGRK
EKPE,EKPE
K9RJ,K9RJ
U4Y3,U4Y3
793T,793T
TXJL,TXJL
EPZP,EPZP
PHFK,PHFK
EX96,EX96
94GR,94GR
3EFG,3EFG
RUGA,RUGA
T2TZ,T2TZ
GERL,GERL
6UVL,6UVL
7TZ2,7TZ2
VF77,VF77
KFHK,KFHK
JJZT,JJZT
AG3R,AG3R
77RA,77RA
VXVH,VXVH
TUMG,TUMG
PU9R,PU9R
HERV,HERV
M2MH,M2MH
YF24,YF24
2V37,2V37
RJVV,RJVV
VKXL,VKXL
6VEY,6VEY
UKHJ,UKHJ
GH7Y,GH7Y
2VTJ,2VTJ
UG3F,UG3F
6Z7M,6Z7M
3H2Z,3H2Z
KTTF,KTTF
42LX,42LX
T299,T299
MZVF,MZVF
624M,624M
A72M,A72M
3HHL,3HHL
4M6M,4M6M
RVVZ,RVVZ
3P36,3P36
HKVG,HKVG
92H7,92H7
EEMP,EEMP
VRX7,VRX7
6UXL,6UXL
FJUT,FJUT
R4H9,R4H9
M6HX,M6HX
UU4Z,UU4Z
6PU7,6PU7
3GF6,3GF6
PXEP,PXEP
49YH,49YH
UKKH,UKKH
FAKX,FAKX
KJG3,KJG3
36A2,36A2
E24K,E24K
GXFF,GXFF
XK9X,XK9X
JJT6,JJT6
J3PG,J3PG
AHE2,AHE2
YGJ9,YGJ9
2MUT,2MUT
FH9V,FH9V
96J9,96J9
LXYP,LXYP
LLPV,LLPV
AGX4,AGX4
6MJJ,6MJJ
H9EM,H9EM
ALZH,ALZH
6YL4,6YL4
G6YU,G6YU
LAHG,LAHG
AR36,AR36
XEKM,XEKM
U73E,U73E
R6TE,R6TE
23M4,23M4
ET2H,ET2H
XR7H,XR7H
KXU3,KXU3
XTUX,XTUX
ZP2M,ZP2M
4RMR,4RMR
RYJF,RYJF
ELJU,ELJU
Y6EL,Y6EL
XZHG,XZHG
Z2AY,Z2AY
U6XL,U6XL
LMZG,LMZG
RTVF,RTVF
7HA6,7HA6
YYP9,YYP9
PRU6,PRU6
34ZK,34ZK
XA6U,XA6U
2EXR,2EXR
ZMK4,ZMK4
Z7EX,Z7EX
VAKJ,VAKJ
YYYP,YYYP
TE7E,TE7E
VYG4,VYG4
4RLE,4RLE
39PA,39PA
JLPG,JLPG
EJ43,EJ43
43UE,43UE
AJUP,AJUP
MAXR,MAXR
F6JR,F6JR
X43Y,X43Y
VVM4,VVM4
XMFM,XMFM
LLU9,LLU9
TA2G,TA2G
9VUK,9VUK
KRM2,KRM2
UZPY,UZPY
TJE4,TJE4
6U6Y,6U6Y
MYV6,MYV6
M9PF,M9PF
HVR3,HVR3
2HKG,2HKG
LFFT,LFFT
LTJU,LTJU
277P,277P
YHAJ,YHAJ
2LKV,2LKV
2YLX,2YLX
4HR4,4HR4
YE27,YE27
XGT6,XGT6
YE7L,YE7L
FLFT,FLFT
LZJY,LZJY
TE6X,TE6X
X4PF,X4PF
U2YA,U2YA
HLYX,HLYX
PXMY,PXMY
VVX9,VVX9
RLGE,RLGE
3Z92,3Z92
EUUM,EUUM
VMAV,VMAV
AVFK,AVFK
7YUM,7YUM
9LX6,9LX6
UU2P,UU2P
2JVT,2JVT
ZPVA,ZPVA
F3TY,F3TY
7AHK,7AHK
RHRX,RHRX
7YTE,7YTE
JE4U,JE4U
HUPJ,HUPJ
ZMX7,ZMX7
XZZU,XZZU
94H6,94H6
7KUT,7KUT
UM27,UM27
JF2H,JF2H
EYLZ,EYLZ
JGEU,JGEU
TFPM,TFPM
ZLHE,ZLHE
6PGP,6PGP
THGY,THGY
FKXK,FKXK
XFL2,XFL2
V6VH,V6VH
ERRU,ERRU
2PGM,2PGM
X72H,X72H
3AMY,3AMY
29J9,29J9
GM64,GM64
EX9E,EX9E
KRJ4,KRJ4
9R47,9R47
TKGL,TKGL
PEJA,PEJA
7XVY,7XVY
GET9,GET9
L7M9,L7M9
H2YA,H2YA
UAFY,UAFY
ZXZR,ZXZR
9XP4,9XP4
UV9U,UV9U
ZHTU,ZHTU
6LKU,6LKU
FM6A,FM6A
UF34,UF34
4RRX,4RRX
KLE7,KLE7
KHUG,KHUG
L3HJ,L3HJ
LJGV,LJGV
2HGU,2HGU
6J9G,6J9G
GVKY,GVKY
RHPM,RHPM
XMHX,XMHX
J3P2,J3P2
G44P,G44P
FRLA,FRLA
FHPR,FHPR
XZ4U,XZ4U
9R42,9R42
TZRF,TZRF
94YM,94YM
YG6M,YG6M
EZKM,EZKM
ERHG,ERHG
ALKP,ALKP
4MVP,4MVP
47Z3,47Z3
JRUT,JRUT
33H2,33H2
63VH,63VH
3JTJ,3JTJ
JXXX,JXXX
YV7U,YV7U
G66M,G66M
L7YM,L7YM
EPYL,EPYL
UU2Z,UU2Z
A74R,A74R
EPLH,EPLH
K62V,K62V
PEY9,PEY9
4KFH,4KFH
RPYV,RPYV
9UA2,9UA2
9HL6,9HL6
HAXA,HAXA
J4V7,J4V7
24UJ,24UJ
G6VK,G6VK
M2GV,M2GV
KGEY,KGEY
UJYJ,UJYJ
GXPL,GXPL
PMMK,PMMK
H4FM,H4FM
F7YZ,F7YZ
EJYY,EJYY
XFYZ,XFYZ
9UG4,9UG4
RMMZ,RMMZ
TUUY,TUUY
PYMJ,PYMJ
K2LZ,K2LZ
GGKR,GGKR
MX9F,MX9F
KTZU,KTZU
2G7X,2G7X
VUUT,VUUT
7FFZ,7FFZ
3E9U,3E9U
GVUM,GVUM
M3ZG,M3ZG
Y4YF,Y4YF
RKKA,RKKA
L6LU,L6LU
U2K4,U2K4
76VV,76VV
PERV,PERV
JYYL,JYYL
9LVU,9LVU
ZE7F,ZE7F
P623,P623
RY4Z,RY4Z
EH6A,EH6A
EJKM,EJKM
V4Z7,V4Z7
FULV,FULV
XG3E,XG3E
P7FG,P7FG
KA44,KA44
K33G,K33G
EF27,EF27
ELAH,ELAH
PYTL,PYTL
H9UL,H9UL
AEJ2,AEJ2
FGKH,FGKH
Y3HJ,Y3HJ
LA4X,LA4X
7H6Y,7H6Y
TZXL,TZXL
T377,T377
ZVP4,ZVP4
FJGM,FJGM
XFLT,XFLT
7YXE,7YXE
XXYZ,XXYZ
43UR,43UR
YUHM,YUHM
62FT,62FT
ZTEJ,ZTEJ
TYGX,TYGX
6XGK,6XGK
TGUK,TGUK
Z7VK,Z7VK
PG6E,PG6E
PYZL,PYZL
EAJV,EAJV
4UKV,4UKV
7LPL,7LPL
6ZT2,6ZT2
XH64,XH64
EH6X,EH6X
PXU6,PXU6
JLVR,JLVR
GGUZ,GGUZ
UYZP,UYZP
2PX3,2PX3
EHL3,EHL3
GF3G,GF3G
YAJG,YAJG
6FAH,6FAH
K4JR,K4JR
RP9Y,RP9Y
EKA6,EKA6
V4RH,V4RH
MXAT,MXAT
A3Z6,A3Z6
2MJJ,2MJJ
XV7R,XV7R
XJ36,XJ36
47X3,47X3
TZ4P,TZ4P
TEY3,TEY3
YFML,YFML
R4KK,R4KK
G2K4,G2K4
KUPH,KUPH
J9GG,J9GG
4TJU,4TJU
K7MZ,K7MZ
ULTT,ULTT
UHK3,UHK3
KYEJ,KYEJ
ZL32,ZL32
EPTV,EPTV
K96T,K96T
XK6G,XK6G
PTHJ,PTHJ
YMFR,YMFR
2PYU,2PYU
L4G9,L4G9
FUJH,FUJH
43EG,43EG
RUGH,RUGH
2ELU,2ELU
XLYX,XLYX
ZEXT,ZEXT
PUZA,PUZA
7U64,7U64
7ZVF,7ZVF
YXPF,YXPF
JMZ4,JMZ4
M6KV,M6KV
6YU2,6YU2
4GXP,4GXP
GGYK,GGYK
GXLX,GXLX
FY7P,FY7P
HXV3,HXV3
RXET,RXET
KU9G,KU9G
XGVP,XGVP
JP9P,JP9P
TLV2,TLV2
U9U9,U9U9
27M4,27M4
XJL9,XJL9
TYXA,TYXA
V6JK,V6JK
EYJU,EYJU
LJA9,LJA9
UL4P,UL4P
6RLL,6RLL
ELXH,ELXH
R7LP,R7LP
APVL,APVL
ZJP4,ZJP4
AAJH,AAJH
AHEH,AHEH
3T9P,3T9P
YF2L,YF2L
RYMA,RYMA
LRFV,LRFV
XU9U,XU9U
Z3M4,Z3M4
GY76,GY76
LY2V,LY2V
P4FJ,P4FJ
4MMV,4MMV
L4TJ,L4TJ
P9K6,P9K6
7ZVJ,7ZVJ
LV2R,LV2R
G2RR,G2RR
UF4X,UF4X
G2M2,G2M2
JPPZ,JPPZ
HRUR,HRUR
VYMU,VYMU
AXXU,AXXU
PKMM,PKMM
42K6,42K6
APUA,APUA
JXM6,JXM6
K3ZR,K3ZR
FULY,FULY
VZEE,VZEE
PK96,PK96
MP74,MP74
JHR6,JHR6
LZZV,LZZV
Y6H7,Y6H7
RUP4,RUP4
VPLG,VPLG
MYP3,MYP3
3UEJ,3UEJ
ZTMF,ZTMF
F3PZ,F3PZ
LXKU,LXKU
M22K,M22K
64VT,64VT
GUEP,GUEP
29LH,29LH
MZ6E,MZ6E
YLTJ,YLTJ
9FY9,9FY9
TKUR,TKUR
H29G,H29G
2AUZ,2AUZ
RHUL,RHUL
3T3A,3T3A
3VP7,3VP7
EXAY,EXAY
2UVA,2UVA
EZKU,EZKU
G4KM,G4KM
VUFJ,VUFJ
3TF9,3TF9
MFYE,MFYE
PZ96,PZ96
9U6E,9U6E
G9AZ,G9AZ
FLUL,FLUL
FLUL,FLUL
44UK,44UK
JAAJ,JAAJ
99R9,99R9
VU2X,VU2X
G97K,G97K
7LLY,7LLY
KAVU,KAVU
KGHA,KGHA
MTV2,MTV2
2EKA,2EKA
93PF,93PF
6FK3,6FK3
H3XK,H3XK
Y33A,Y33A
XJ6H,XJ6H
P66V,P66V
H27E,H27E
ZU93,ZU93
4ZLM,4ZLM
6EU3,6EU3
P2R6,P2R6
3TJG,3TJG
YRY3,YRY3
7JF4,7JF4
M3TL,M3TL
RM97,RM97
T33M,T33M
X4JJ,X4JJ
3MTY,3MTY
7TK6,7TK6
EJJZ,EJJZ
A3R7,A3R7
UG2M,UG2M
HZXG,HZXG
ZET4,ZET4
VY3Y,VY3Y
XVZV,XVZV
7GHT,7GHT
YJTL,YJTL
PE27,PE27
A3X2,A3X2
2XMV,2XMV
ZAJE,ZAJE
RHVJ,RHVJ
7Y6M,7Y6M
A6PU,A6PU
9VP2,9VP2
Z9Y2,Z9Y2
4XTF,4XTF
V6A7,V6A7
LZKV,LZKV
4G6Y,4G6Y
7UZV,7UZV
PTK3,PTK3
A46V,A46V
VH39,VH39
J6T3,J6T3
A62U,A62U
EU9K,EU9K
JXME,JXME
GYX6,GYX6
G3HL,G3HL
JTLA,JTLA
TYJA,TYJA
UV7L,UV7L
R9KJ,R9KJ
MXJU,MXJU
9GKE,9GKE
7KRL,7KRL
PYPG,PYPG
H23M,H23M
UKF3,UKF3
JKY4,JKY4
UHVH,UHVH
L7XJ,L7XJ
F63J,F63J
Z2GR,Z2GR
4MVH,4MVH
ATZR,ATZR
FPL2,FPL2
69V6,69V6
GPTP,GPTP
JE49,JE49
PKMV,PKMV
T66U,T66U
MHU9,MHU9
44KK,44KK
HZUV,HZUV
HJ2R,HJ2R
LGJA,LGJA
Y9Y3,Y9Y3
FGP4,FGP4
YRPY,YRPY
4GX7,4GX7
L939,L939
RUG2,RUG2
9TL3,9TL3
YG9X,YG9X
UGMX,UGMX
KFF3,KFF3
J442,J442
RJTJ,RJTJ
VEGU,VEGU
6UY3,6UY3
9V2P,9V2P
PVTK,PVTK
6K7H,6K7H
4M9V,4M9V
XEFK,XEFK
KVGF,KVGF
MRL3,MRL3
LKZ6,LKZ6
EUX7,EUX7
AUAY,AUAY
FAM7,FAM7
2Y9J,2Y9J
34JJ,34JJ
RKEU,RKEU
MALH,MALH
YL4Y,YL4Y
JV9Z,JV9Z
MV9F,MV9F
XAKF,XAKF
EV3G,EV3G
9X4K,9X4K
K3JR,K3JR
JGVJ,JGVJ
4K2Z,4K2Z
4JHJ,4JHJ
94KA,94KA
9YJ3,9YJ3
TUUE,TUUE
AGAP,AGAP
VVPY,VVPY
L4FR,L4FR
L4G2,L4G2
3VM4,3VM4
3M3H,3M3H
776M,776M
F3UM,F3UM
U3UA,U3UA
ZH3R,ZH3R
M36V,M36V
AGZE,AGZE
7FFJ,7FFJ
7AUR,7AUR
XZEV,XZEV
YLYT,YLYT
796F,796F
K2MR,K2MR
R3YK,R3YK
9HEL,9HEL
FGEY,FGEY
L3Z6,L3Z6
HTUR,HTUR
TK9U,TK9U
VZJY,VZJY
Y4E4,Y4E4
323K,323K
Y9M9,Y9M9
X22E,X22E
MU7M,MU7M
27AY,27AY
3GYK,3GYK
X6FA,X6FA
LYXG,LYXG
U2HU,U2HU
MEZV,MEZV
H37V,H37V
UXLK,UXLK
7X6R,7X6R
LT3A,LT3A
KGKP,KGKP
K3YR,K3YR
6UMR,6UMR
6HEH,6HEH
FX6F,FX6F
ELKG,ELKG
J7R6,J7R6
XPHA,XPHA
XJYE,XJYE
29KX,29KX
T6HP,T6HP
MAG7,MAG7
XVM2,XVM2
UZ79,UZ79
YLTR,YLTR
2P2F,2P2F
2GVA,2GVA
AM6L,AM6L
EEPT,EEPT
EL6V,EL6V
V7YM,V7YM
3JM3,3JM3
R4RG,R4RG
LMRR,LMRR
TYJ7,TYJ7
K4XM,K4XM
VT2Y,VT2Y
RGME,RGME
4Z6R,4Z6R
Z6PH,Z6PH
R9FM,R9FM
4XKP,4XKP
293A,293A
2AUJ,2AUJ
73RM,73RM
A4GV,A4GV
Y3VJ,Y3VJ
2X63,2X63
PP4U,PP4U
TMT3,TMT3
9JP9,9JP9
3JM4,3JM4
ULJR,ULJR
A4YU,A4YU
EVFR,EVFR
623U,623U
XAEF,XAEF
LF2H,LF2H
FMAG,FMAG
ZFPZ,ZFPZ
JPZL,JPZL
PV4P,PV4P
AJ69,AJ69
PG7T,PG7T
Z6ZP,Z6ZP
7GEF,7GEF
MALE,MALE
6Y67,6Y67
9UPE,9UPE
G2UY,G2UY
349T,349T
HZM3,HZM3
MRTK,MRTK
KV47,KV47
MKTG,MKTG
2KFR,2KFR
YUKL,YUKL
AP6P,AP6P
EM3P,EM3P
JJ2R,JJ2R
LP9J,LP9J
R64T,R64T
6XZH,6XZH
YZP2,YZP2
E6RA,E6RA
FT24,FT24
TVUU,TVUU
32RH,32RH
7AG9,7AG9
AZ74,AZ74
4HZY,4HZY
RXPE,RXPE
HYV3,HYV3
62H7,62H7
AHTG,AHTG
U4Y2,U4Y2
36V6,36V6
VTG9,VTG9
FZ4G,FZ4G
TU2T,TU2T
JU67,JU67
KRM7,KRM7
PR96,PR96
49GK,49GK
TJX6,TJX6
MJXJ,MJXJ
AGMG,AGMG
YTRK,YTRK
A3ZF,A3ZF
TXJ6,TXJ6
LGXY,LGXY
AFVP,AFVP
49LR,49LR
GMKZ,GMKZ
T3Y2,T3Y2
L4KV,L4KV
K4EL,K4EL
2XZH,2XZH
LR7G,LR7G
9H47,9H47
M6TX,M6TX
UMVP,UMVP
2EV9,2EV9
RALR,RALR
MYJG,MYJG
GVJ9,GVJ9
E922,E922
93UM,93UM
U4UP,U4UP
42G9,42G9
UGHF,UGHF
XY7H,XY7H
3GFM,3GFM
99FJ,99FJ
K3XR,K3XR
4UTA,4UTA
RL36,RL36
ELXP,ELXP
3FJ7,3FJ7
VPJY,VPJY
MY99,MY99
34HA,34HA
XPXF,XPXF
YGT7,YGT7
6FU9,6FU9
4M6P,4M6P
VUZG,VUZG
6JX7,6JX7
FGTK,FGTK
UTUL,UTUL
UVF2,UVF2
E64T,E64T
M3FZ,M3FZ
3G4U,3G4U
73JY,73JY
Z3PG,Z3PG
266M,266M
HA2M,HA2M
9EPJ,9EPJ
J374,J374
LULK,LULK
3KJJ,3KJJ
3FYT,3FYT
PALR,PALR
7YK6,7YK6
6KXM,6KXM
6LLX,6LLX
JTLZ,JTLZ
A79F,A79F
AFJG,AFJG
9VTH,9VTH
MPFE,MPFE
H2JH,H2JH
G2HP,G2HP
27Y2,27Y2
ZT4L,ZT4L
69RV,69RV
EXG9,EXG9
RUGR,RUGR
HZZ3,HZZ3
GRFL,GRFL
Z9FF,Z9FF
3JFZ,3JFZ
H3ZY,H3ZY
EZE9,EZE9
FF4H,FF4H
23AR,23AR
YAZG,YAZG
Z9T9,Z9T9
UAJA,UAJA
XZU3,XZU3
3LGJ,3LGJ
GGRK,GGRK
22VK,22VK
TJFE,TJFE
F2U9,F2U9
A4X4,A4X4
XVH3,XVH3
VV2X,VV2X
KUZH,KUZH
ETRP,ETRP
4RJJ,4RJJ
6VHM,6VHM
MV3J,MV3J
TFLY,TFLY
E2EV,E2EV
V7HG,V7HG
FVJ9,FVJ9
ZHKA,ZHKA
A4K2,A4K2
Y4GG,Y4GG
R9T9,R9T9
PKEE,PKEE
K7MZ,K7MZ
MLEF,MLEF
GJGV,GJGV
K6UA,K6UA
Y7XM,Y7XM
UHAP,UHAP
3EAU,3EAU
A4Z2,A4Z2
92LJ,92LJ
V2LY,V2LY
2TVA,2TVA
M7R6,M7R6
VZYP,VZYP
ZZ2Z,ZZ2Z
X3MF,X3MF
ZU4F,ZU4F
X2L3,X2L3
GRMY,GRMY
49H7,49H7
77VE,77VE
EEEF,EEEF
PXLE,PXLE
UHG6,UHG6
VTMF,VTMF
26MK,26MK
HYUM,HYUM
J3PK,J3PK
2VMR,2VMR
A9FV,A9FV
VEHJ,VEHJ
EZKG,EZKG
94MK,94MK
6A3E,6A3E
TXP2,TXP2
F9PE,F9PE
ZG23,ZG23
2FJP,2FJP
FKRZ,FKRZ
U7UH,U7UH
JK27,JK27
2E4F,2E4F
YP96,YP96
R36H,R36H
Z6G6,Z6G6
JFZU,JFZU
MMLU,MMLU
TXR6,TXR6
ETY9,ETY9
PF7T,PF7T
VHEV,VHEV
XFE4,XFE4
3KUA,3KUA
AE2E,AE2E
MFX6,MFX6
VL2K,VL2K
RLEG,RLEG
HYZG,HYZG
H4YV,H4YV
F6JZ,F6JZ
F6G4,F6G4
LJRF,LJRF
YTGX,YTGX
G7AE,G7AE
K6XG,K6XG
TG27,TG27
JYVK,JYVK
XXTF,XXTF
PYZ4,PYZ4
2AGM,2AGM
2M72,2M72
LGAY,LGAY
AZK6,AZK6
GV2M,GV2M
6HG9,6HG9
XE9M,XE9M
H3PZ,H3PZ
J96A,J96A
MGHE,MGHE
ZF43,ZF43
KH4A,KH4A
3FFK,3FFK
JHHL,JHHL
HRHZ,HRHZ
MFP2,MFP2
3HML,3HML
TV99,TV99
4RFE,4RFE
22ZU,22ZU
HPZG,HPZG
MA4A,MA4A
HRKA,HRKA
P6KT,P6KT
YK99,YK99
TT6F,TT6F
9EYE,9EYE
627V,627V
XAJT,XAJT
MXZU,MXZU
YETV,YETV
LPV9,LPV9
ZGGJ,ZGGJ
9H6K,9H6K
6UY3,6UY3
T7K7,T7K7
2GA7,2GA7
PZH3,PZH3
GMRU,GMRU
T6YE,T6YE
6UM2,6UM2
GPL9,GPL9
P243,P243
2UMR,2UMR
A9Y3,A9Y3
99JK,99JK
V7KZ,V7KZ
92G7,92G7
72J2,72J2
YTJ6,YTJ6
TGY4,TGY4
HATY,HATY
32ZJ,32ZJ
X9EY,X9EY
UTMG,UTMG
HGVR,HGVR
2JF9,2JF9
PZKJ,PZKJ
KRXR,KRXR
ET6M,ET6M
UULA,UULA
T7JU,T7JU
62GH,62GH
TTJT,TTJT
YP6A,YP6A
62F7,62F7
PEPP,PEPP
TFKJ,TFKJ
73LM,73LM
EKLF,EKLF
AXFF,AXFF
HMMF,HMMF
VA7R,VA7R
Z6LF,Z6LF
YRKK,YRKK
3AE3,3AE3
PX3V,PX3V
LFLE,LFLE
F2AK,F2AK
VM7X,VM7X
GEYT,GEYT
P7L4,P7L4
KJEM,KJEM
ZFTT,ZFTT
2JVL,2JVL
RV3E,RV3E
E6GP,E6GP
RF9U,RF9U
9H32,9H32
FXZK,FXZK
K7KT,K7KT
U42H,U42H
2J23,2J23
X7EF,X7EF
RHRY,RHRY
LZRG,LZRG
T34Y,T34Y
T73Y,T73Y
G7TG,G7TG
GEE3,GEE3
TVAL,TVAL
62PU,62PU
XE32,XE32
G642,G642
7JAE,7JAE
R2E7,R2E7
X64R,X64R
AGTG,AGTG
TJ9X,TJ9X
LXGU,LXGU
4GL4,4GL4
V24G,V24G
6RAP,6RAP
9XJ7,9XJ7
Z9RL,Z9RL
LJYX,LJYX
A2EL,A2EL
XHRJ,XHRJ
V94T,V94T
LKRV,LKRV
7VXP,7VXP
GYJF,GYJF
AZVU,AZVU
7MR3,7MR3
RGU3,RGU3
V2UH,V2UH
2AZV,2AZV
6GRE,6GRE
HFHK,HFHK
FT3X,FT3X
VT43,VT43
UKTM,UKTM
EZUA,EZUA
3RJF,3RJF
P9Y6,P9Y6
GER7,GER7
JZ6Y,JZ6Y
9P6J,9P6J
KYE2,KYE2
KXMT,KXMT
2V36,2V36
XRHT,XRHT
T3J3,T3J3
ZU4L,ZU4L
PUKY,PUKY
4AXL,4AXL
MJYM,MJYM
THHH,THHH
P9PT,P9PT
XZAJ,XZAJ
U4MV,U4MV
7F9K,7F9K
X6HK,X6HK
T3Y2,T3Y2
4Z2F,4Z2F
2G36,2G36
6FEG,6FEG
MR2U,MR2U
24MY,24MY
GL9P,GL9P
XZ2Y,XZ2Y
9MG9,9MG9
PPUZ,PPUZ
R9EX,R9EX
TGGX,TGGX
XUV6,XUV6
24X2,24X2
XH3M,XH3M
HUXJ,HUXJ
2AXK,2AXK
3F2M,3F2M
7RVL,7RVL
TMHU,TMHU
MHEA,MHEA
HF94,HF94
LZHR,LZHR
LTLX,LTLX
XXK9,XXK9
ZUU2,ZUU2
4UJZ,4UJZ
3X4G,3X4G
X2EJ,X2EJ
YHFK,YHFK
RVTK,RVTK
FRR3,FRR3
AJG4,AJG4
MMEJ,MMEJ
GGH7,GGH7
PV3X,PV3X
964A,964A
4AEE,4AEE
KPY3,KPY3
J2PT,J2PT
999P,999P
AFK7,AFK7
YVZK,YVZK
FUK9,FUK9
ZG32,ZG32
3XXM,3XXM
L7PM,L7PM
34MV,34MV
6X9P,6X9P
XV36,XV36
XMYX,XMYX
T93Y,T93Y
F4HL,F4HL
GM74,GM74
THA9,THA9
VVZA,VVZA
J7HL,J7HL
9PXT,9PXT
94ZM,94ZM
ZXPU,ZXPU
JFLJ,JFLJ
MAFH,MAFH
RTTZ,RTTZ
JZXT,JZXT
E79U,E79U
P67V,P67V
G6FZ,G6FZ
HMKJ,HMKJ
22H3,22H3
3TRL,3TRL
FGPZ,FGPZ
V9JR,V9JR
AFKL,AFKL
M22T,M22T
9PXP,9PXP
47EA,47EA
RM76,RM76
JMPM,JMPM
XRR2,XRR2
EJZX,EJZX
A7JH,A7JH
6GYV,6GYV
9AAL,9AAL
Z2MH,Z2MH
7VA6,7VA6
UPXA,UPXA
HZ2R,HZ2R
94Z9,94Z9
ZFE4,ZFE4
MVXT,MVXT
2YL4,2YL4
MZK9,MZK9
F2U3,F2U3
MZLF,MZLF
3AG3,3AG3
G4JH,G4JH
FG6K,FG6K
HVLF,HVLF
K4K6,K4K6
GZ62,GZ62
FZ4L,FZ4L
UR7Z,UR7Z
HU72,HU72
J7XP,J7XP
4E4H,4E4H
JYYX,JYYX
9TZV,9TZV
47ZG,47ZG
PVEK,PVEK
G6VJ,G6VJ
2Z7T,2Z7T
7HM4,7HM4
79GM,79GM
VK2K,VK2K
YTJ9,YTJ9
KAL2,KAL2
PV4A,PV4A
V46F,V46F
RKYP,RKYP
FV2L,FV2L
4AK3,4AK3
R373,R373
YEU6,YEU6
FA66,FA66
FUZH,FUZH
X7TU,X7TU
Y2KM,Y2KM
KA67,KA67
643Y,643Y
KGTY,KGTY
GVYX,GVYX
6GUK,6GUK
RE23,RE23
P3U4,P3U4
HYH6,HYH6
K3H2,K3H2
TVKK,TVKK
EKEV,EKEV
UG4X,UG4X
EMHM,EMHM
R7EE,R7EE
R6JX,R6JX
43PY,43PY
VT23,VT23
V67A,V67A
XAUH,XAUH
ZKP2,ZKP2
4R27,4R27
JHYU,JHYU
RX7Y,RX7Y
J4MJ,J4MJ
LJ2A,LJ2A
7X7J,7X7J
227Y,227Y
92VT,92VT
M22Z,M22Z
KFMK,KFMK
PYGF,PYGF
M3X2,M3X2
2K29,2K29
UTVR,UTVR
LRFP,LRFP
76XX,76XX
2V2A,2V2A
RZ4A,RZ4A
XUZY,XUZY
PMT4,PMT4
FTGK,FTGK
HFT6,HFT6
GP6E,GP6E
9RY4,9RY4
ZFGL,ZFGL
RXJK,RXJK
73V3,73V3
TRRL,TRRL
FVKZ,FVKZ
ELPU,ELPU
X9H3,X9H3
RLFH,RLFH
KFVZ,KFVZ
HX3R,HX3R
6H2H,6H2H
Z79G,Z79G
3HE7,3HE7
TYKL,TYKL
HPEA,HPEA
UYJP,UYJP
X76H,X76H
42MK,42MK
H4RK,H4RK
2MGE,2MGE
44AZ,44AZ
LEJ6,LEJ6
6VZK,6VZK
4LLF,4LLF
RV6Y,RV6Y
A7EU,A7EU
9LR2,9LR2
ZEE2,ZEE2
27EG,27EG
7VJ3,7VJ3
M7KV,M7KV
TKTE,TKTE
JZXP,JZXP
EGGZ,EGGZ
XPPT,XPPT
VK3F,VK3F
P6XU,P6XU
RLAP,RLAP
A9HA,A9HA
AA3H,AA3H
6UVH,6UVH
UEZU,UEZU
9G7M,9G7M
U9R9,U9R9
7TVM,7TVM
FZZP,FZZP
29UZ,29UZ
2PUY,2PUY
9AGG,9AGG
J773,J773
KXAH,KXAH
9MYH,9MYH
76RT,76RT
A993,A993
ZUE6,ZUE6
HRG7,HRG7
R2Y7,R2Y7
PY23,PY23
9ULE,9ULE
7E7M,7E7M
JFJ6,JFJ6
FY4G,FY4G
EPRT,EPRT
H3V9,H3V9
2H73,2H73
Z36J,Z36J
EGLY,EGLY
4U7J,4U7J
RHPM,RHPM
XK4P,XK4P
AE6A,AE6A
7.00E+39,7.00E+39
7TGR,7TGR
GU4Y,GU4Y
X4HA,X4HA
2TA3,2TA3
RY7Z,RY7Z
FZMK,FZMK
77JT,77JT
PM3P,PM3P
GHLH,GHLH
P4YJ,P4YJ
JJRV,JJRV
VJKH,VJKH
EJHU,EJHU
V979,V979
XLTJ,XLTJ
LTAP,LTAP
VAR3,VAR3
AKR4,AKR4
7V6G,7V6G
UXA9,UXA9
LJZV,LJZV
R4R6,R4R6
VURH,VURH
MTFT,MTFT
HFKE,HFKE
ARVE,ARVE
ZAPF,ZAPF
EY7H,EY7H
FF6R,FF6R
RJL4,RJL4
XU6T,XU6T
6PPX,6PPX
YPEA,YPEA
L994,L994
H3T6,H3T6
3ZKP,3ZKP
97ZF,97ZF
MFVA,MFVA
AZTY,AZTY
VY46,VY46
PATJ,PATJ
2E3L,2E3L
6LY3,6LY3
2X4E,2X4E
FM2K,FM2K
ULJK,ULJK
PHV3,PHV3
KUVF,KUVF
LHJZ,LHJZ
ZYR3,ZYR3
KG36,KG36
UAKG,UAKG
R3TA,R3TA
YHMM,YHMM
3XFK,3XFK
9Y7Z,9Y7Z
JFHL,JFHL
LJYM,LJYM
9X6X,9X6X
2K2P,2K2P
3GKT,3GKT
6K6E,6K6E
P4K4,P4K4
26TV,26TV
XJJK,XJJK
HHXV,HHXV
4JAT,4JAT
P6HZ,P6HZ
2VLK,2VLK
R2L3,R2L3
3VFA,3VFA
7KX4,7KX4
ZMPY,ZMPY
L4G6,L4G6
XHMT,XHMT
HFUG,HFUG
VV7J,VV7J
VLE3,VLE3
3PMJ,3PMJ
FTZL,FTZL
36EY,36EY
VHLL,VHLL
UKPG,UKPG
3RX4,3RX4
HHUU,HHUU
7VJ6,7VJ6
KG2Y,KG2Y
HU3Z,HU3Z
TR9Y,TR9Y
YJUA,YJUA
RZ4J,RZ4J
LRVE,LRVE
AT9E,AT9E
ZTJ3,ZTJ3
FUYL,FUYL
Z6UK,Z6UK
JJFU,JJFU
HHJ4,HHJ4
F3T3,F3T3
AMFU,AMFU
7GJJ,7GJJ
L3RK,L3RK
FTRY,FTRY
9KHJ,9KHJ
2UJ7,2UJ7
FRRP,FRRP
K492,K492
2FUT,2FUT
6FLM,6FLM
46PL,46PL
9U39,9U39
YMMA,YMMA
YLA7,YLA7
96HM,96HM
MYJR,MYJR
T2LX,T2LX
9HEZ,9HEZ
ETKF,ETKF
ZTLK,ZTLK
92GF,92GF
A4TG,A4TG
6M34,6M34
KV3F,KV3F
6V7F,6V7F
VKF2,VKF2
6J3H,6J3H
YFLA,YFLA
GAFM,GAFM
L964,L964
LLTX,LLTX
24FT,24FT
XYVY,XYVY
FALY,FALY
GFRK,GFRK
7YZH,7YZH
LYJA,LYJA
R94F,R94F
944Y,944Y
FUTF,FUTF
VJZK,VJZK
MALG,MALG
6M64,6M64
4X2U,4X2U
P4MT,P4MT
YVEF,YVEF
H9U9,H9U9
RL4J,RL4J
4X47,4X47
UTXV,UTXV
EV3J,EV3J
TTTZ,TTTZ
Z972,Z972
FFPM,FFPM
TU9F,TU9F
4MP2,4MP2
X9AY,X9AY
P3T9,P3T9
AEXZ,AEXZ
7LYE,7LYE
3LER,3LER
9VKR,9VKR
JVAM,JVAM
RZPG,RZPG
AEGA,AEGA
LT9Y,LT9Y
7PRH,7PRH
UJUA,UJUA
AEM7,AEM7
MXFM,MXFM
2TE6,2TE6
YYJ7,YYJ7
2X4J,2X4J
G27P,G27P
HX2Y,HX2Y
RRVZ,RRVZ
72HF,72HF
F7G3,F7G3
XRZY,XRZY
6LU2,6LU2
77K4,77K4
XRFA,XRFA
EM9M,EM9M
KKTR,KKTR
TPUV,TPUV
REG4,REG4
EJHJ,EJHJ
2AVJ,2AVJ
THZU,THZU
G7VP,G7VP
KPGG,KPGG
HFT9,HFT9
A6LH,A6LH
7EZE,7EZE
949P,949P
4GLH,4GLH
3FVL,3FVL
7A3F,7A3F
69YY,69YY
YPKH,YPKH
JMEM,JMEM
9VLK,9VLK
63EH,63EH
G3JR,G3JR
XKVA,XKVA
XP6Z,XP6Z
RP7M,RP7M
JF3U,JF3U
L29K,L29K
H29J,H29J
3R3P,3R3P
KRMK,KRMK
R94V,R94V
Z6E2,Z6E2
7PMM,7PMM
7ETA,7ETA
VFHE,VFHE
AT3A,AT3A
9AXV,9AXV
RME3,RME3
PKM4,PKM4
TLAV,TLAV
UVEU,UVEU
PMUF,PMUF
RG9X,RG9X
GEAY,GEAY
TLJZ,TLJZ
LXYR,LXYR
P2UK,P2UK
FLUG,FLUG
FKUM,FKUM
9YFH,9YFH
Y7ZR,Y7ZR
LMG6,LMG6
4UR7,4UR7
AM2Y,AM2Y
YRVZ,YRVZ
EZXT,EZXT
X933,X933
HLJ7,HLJ7
9VG2,9VG2
G7EM,G7EM
LUR2,LUR2
GLMH,GLMH
9VHP,9VHP
GRUV,GRUV
6Y6Y,6Y6Y
PGZM,PGZM
PL3E,PL3E
9KAZ,9KAZ
4VV2,4VV2
TV6H,TV6H
7G3A,7G3A
Z6FJ,Z6FJ
9LZ2,9LZ2
VPPM,VPPM
MZJT,MZJT
YFAE,YFAE
93PA,93PA
Z6GU,Z6GU
R7KK,R7KK
E4F4,E4F4
X32R,X32R
P9AA,P9AA
HFML,HFML
2GAU,2GAU
6UZE,6UZE
YEKJ,YEKJ
VZJU,VZJU
YM4G,YM4G
4AV3,4AV3
FMLP,FMLP
H23A,H23A
2RPJ,2RPJ
U2VV,U2VV
ZJ9E,ZJ9E
L624,L624
XTUH,XTUH
XY4P,XY4P
XP4H,XP4H
EMM4,EMM4
AKZX,AKZX
MMXZ,MMXZ
T2EZ,T2EZ
4FZ6,4FZ6
66GH,66GH
ZK4Y,ZK4Y
PTFM,PTFM
77X4,77X4
V6KJ,V6KJ
PL3J,PL3J
3UEK,3UEK
PEKL,PEKL
9VP6,9VP6
RZXX,RZXX
FMX4,FMX4
HKJF,HKJF
KKM3,KKM3
9V9M,9V9M
3GK3,3GK3
77JL,77JL
ZXU4,ZXU4
E7HR,E7HR
HE94,HE94
UJE4,UJE4
VV2V,VV2V
43AH,43AH
6KK6,6KK6
MFUJ,MFUJ
HGG7,HGG7
Z996,Z996
UJ4E,UJ4E
TZEK,TZEK
KHRA,KHRA
YRJF,YRJF
KYKJ,KYKJ
HRR6,HRR6
F9FH,F9FH
4VAP,4VAP
46JU,46JU
L6P9,L6P9
3UER,3UER
AAA2,AAA2
3RV3,3RV3
E4F3,E4F3
96RM,96RM
E7AE,E7AE
A3KR,A3KR
6TGE,6TGE
AJ49,AJ49
KAYA,KAYA
H3RK,H3RK
VLJG,VLJG
VY9T,VY9T
VJFM,VJFM
YV9Y,YV9Y
HREY,HREY
YKM9,YKM9
MRAT,MRAT
LPHJ,LPHJ
RLX6,RLX6
UV94,UV94
ZKAR,ZKAR
APMR,APMR
4RRX,4RRX
X2VE,X2VE
AZF9,AZF9
KEKV,KEKV
UV6A,UV6A
GRUT,GRUT
729F,729F
3.30E+04,3.30E+04
39EX,39EX
TUXX,TUXX
74HJ,74HJ
VUJL,VUJL
FHMY,FHMY
TG9Z,TG9Z
MLEA,MLEA
2VZY,2VZY
FX49,FX49
PEPG,PEPG
FUE3,FUE3
U22L,U22L
RYT3,RYT3
R2XL,R2XL
9P4E,9P4E
YLLP,YLLP
MRHE,MRHE
MZH6,MZH6
MUJ7,MUJ7
TMRE,TMRE
PAXJ,PAXJ
T3KJ,T3KJ
XRH3,XRH3
YY7L,YY7L
ZRKV,ZRKV
2FLR,2FLR
347F,347F
UK42,UK42
V77E,V77E
TEX7,TEX7
3JZT,3JZT
PJH6,PJH6
G3L4,G3L4
PZPE,PZPE
TFKE,TFKE
L6XT,L6XT
RFKZ,RFKZ
RERP,RERP
AUZA,AUZA
A7YP,A7YP
YX64,YX64
JLRT,JLRT
H9UK,H9UK
UXU3,UXU3
Z7HR,Z7HR
T22H,T22H
HLVZ,HLVZ
K7GV,K7GV
VXE6,VXE6
KZEK,KZEK
4ZAU,4ZAU
G6GY,G6GY
AFRF,AFRF
VYUK,VYUK
96GA,96GA
TPVV,TPVV
76LG,76LG
M36M,M36M
PE4H,PE4H
KRAZ,KRAZ
63YT,63YT
A4L3,A4L3
X2LR,X2LR
Z6TE,Z6TE
XMHL,XMHL
Z72R,Z72R
LH2G,LH2G
XT6Y,XT6Y
Y7EZ,Y7EZ
YVAY,YVAY
GAT2,GAT2
YK94,YK94
TY92,TY92
H3FJ,H3FJ
6VMY,6VMY
3VLJ,3VLJ
RZ69,RZ69
MURR,MURR
972Y,972Y
72UZ,72UZ
FE32,FE32
ZTLF,ZTLF
GLUX,GLUX
4P6T,4P6T
VUY3,VUY3
K6AT,K6AT
7YZ2,7YZ2
THH4,THH4
TTTV,TTTV
7JRA,7JRA
9GY2,9GY2
HZMU,HZMU
X2J3,X2J3
GEMU,GEMU
GUV3,GUV3
FZHU,FZHU
FGKG,FGKG
K37T,K37T
F4VT,F4VT
4KFF,4KFF
LMUG,LMUG
P6V7,P6V7
HPHE,HPHE
6H93,6H93
VAL9,VAL9
VRPV,VRPV
YX7M,YX7M
62UR,62UR
MZZR,MZZR
GJMG,GJMG
663F,663F
ZRZK,ZRZK
EF2Z,EF2Z
V3ZK,V3ZK
RGKE,RGKE
H4XP,H4XP
P6A9,P6A9
7H9H,7H9H
FA9K,FA9K
AG4Z,AG4Z
YZKM,YZKM
YGYM,YGYM
ZRV6,ZRV6
4HXK,4HXK
YATH,YATH
JF4T,JF4T
3YM9,3YM9
7ZLE,7ZLE
7T92,7T92
YHAZ,YHAZ
RTZR,RTZR
Y6A4,Y6A4
3ZAJ,3ZAJ
ZUEH,ZUEH
YLKY,YLKY
M94Z,M94Z
FAU7,FAU7
KTAP,KTAP
AFUY,AFUY
GHE2,GHE2
2ERX,2ERX
GMGA,GMGA
LRJ2,LRJ2
ME7P,ME7P
ZAF3,ZAF3
JUG2,JUG2
JTLG,JTLG
YA9X,YA9X
VVAF,VVAF
XXEZ,XXEZ
LPRF,LPRF
7J2J,7J2J
YV6E,YV6E
R7Z4,R7Z4
T9L2,T9L2
2TVR,2TVR
TGPT,TGPT
UYVM,UYVM
PVE2,PVE2
96ZJ,96ZJ
6M69,6M69
EM6E,EM6E
YHYM,YHYM
47RZ,47RZ
A6L9,A6L9
UFRA,UFRA
HP3K,HP3K
7PU3,7PU3
PXVA,PXVA
UUZ3,UUZ3
UM6H,UM6H
UGT3,UGT3
2YXJ,2YXJ
ZYFG,ZYFG
9AKG,9AKG
LLKU,LLKU
MRH7,MRH7
Y9AZ,Y9AZ
VVGX,VVGX
L792,L792
GXE9,GXE9
YZKM,YZKM
J2HA,J2HA
MUEJ,MUEJ
HJPK,HJPK
GGRA,GGRA
FR9E,FR9E
FMXT,FMXT
HUUV,HUUV
6EL3,6EL3
9FY7,9FY7
FR92,FR92
74MJ,74MJ
K79T,K79T
7GG6,7GG6
GMTE,GMTE
PHKF,PHKF
TAA7,TAA7
7GMP,7GMP
9HHX,9HHX
TGKY,TGKY
LGGG,LGGG
PRPT,PRPT
ZHEH,ZHEH
4ZYK,4ZYK
LYLH,LYLH
FM6K,FM6K
R99V,R99V
J466,J466
EFM4,EFM4
JXML,JXML
ZP32,ZP32
7ULA,7ULA
3H3P,3H3P
FMH3,FMH3
A3TL,A3TL
UZG9,UZG9
6FH2,6FH2
ZP22,ZP22
MLTP,MLTP
ZGFJ,ZGFJ
6P3F,6P3F
Z9RL,Z9RL
TUTL,TUTL
23EX,23EX
97V7,97V7
APK6,APK6
96YZ,96YZ
RHLG,RHLG
9TF9,9TF9
UZFF,UZFF
3UUG,3UUG
ELA2,ELA2
422H,422H
2M3J,2M3J
MHLY,MHLY
AXGF,AXGF
AMMG,AMMG
UZX3,UZX3
939V,939V
ATUV,ATUV
GRKU,GRKU
G43G,G43G
4MMV,4MMV
LTHG,LTHG
K69E,K69E
TMAY,TMAY
77U3,77U3
9MKK,9MKK
FUMZ,FUMZ
FKTH,FKTH
3GHP,3GHP
M9Y6,M9Y6
VPRH,VPRH
G9GP,G9GP
TFVE,TFVE
MPFY,MPFY
VJR4,VJR4
MJP3,MJP3
Y2AE,Y2AE
KR6M,KR6M
6X4P,6X4P
R9ZR,R9ZR
P9LY,P9LY
FH6L,FH6L
2GXZ,2GXZ
6V2P,6V2P
ZEMJ,ZEMJ
X9PA,X9PA
ZFRU,ZFRU
KVEY,KVEY
K9UT,K9UT
AVR9,AVR9
Y9UY,Y9UY
AHUT,AHUT
3MF9,3MF9
RTZZ,RTZZ
GAH2,GAH2
GZ9R,GZ9R
AFPJ,AFPJ
9GGR,9GGR
A66F,A66F
THP7,THP7
6L72,6L72
L7L7,L7L7
ZAM6,ZAM6
P7MA,P7MA
M2AA,M2AA
G2LV,G2LV
V6Y3,V6Y3
6HMG,6HMG
XVH4,XVH4
T3RA,T3RA
GPJA,GPJA
X4AE,X4AE
FEEA,FEEA
4LFV,4LFV
U7XE,U7XE
73R6,73R6
MVAF,MVAF
46HX,46HX
2HVU,2HVU
ZTGU,ZTGU
AZ46,AZ46
7GLG,7GLG
JVZ9,JVZ9
UEYG,UEYG
P6FG,P6FG
E3RY,E3RY
TKTR,TKTR
7AEP,7AEP
L2LA,L2LA
LMXJ,LMXJ
LVGP,LVGP
A2HK,A2HK
UJV2,UJV2
RX6P,RX6P
LYKZ,LYKZ
44Z3,44Z3
JHLY,JHLY
HLMK,HLMK
AVHH,AVHH
7ZKJ,7ZKJ
2RGG,2RGG
XJFK,XJFK
H3GJ,H3GJ
VTX6,VTX6
YGPZ,YGPZ
6UPH,6UPH
PAAF,PAAF
KPZ9,KPZ9
2TRE,2TRE
4XF4,4XF4
FGYG,FGYG
R73K,R73K
VRLL,VRLL
JG94,JG94
47LH,47LH
MFAH,MFAH
4R4T,4R4T
HYG3,HYG3
TAAL,TAAL
9ZMF,9ZMF
Z9L4,Z9L4
G72R,G72R
ETT2,ETT2
LGZJ,LGZJ
HFKZ,HFKZ
XUHT,XUHT
MTHE,MTHE
V3M4,V3M4
P2K7,P2K7
ZUGU,ZUGU
XVV4,XVV4
ZLTZ,ZLTZ
K4Y6,K4Y6
